time_period,model_type,n_components,amplitude,mesor,peaks,heights,amplitude_CIs,mesor_CIs,peaks_CIs,heights_CIs,AIC,BIC,log_likelihood,p
workdays April 2019,gen_poisson,7.0,2995.54,3437.1,[ 6.81 15.32],[6217.27 6432.65],[2922.51 3056.45],[3370.82 3498.84],"[[ 6.76  6.95]
 [15.11 15.38]]","[[6154.72 6273.39]
 [6293.98 6554.65]]",4905.742263057049,4967.919927560251,-2436.8711315285245,1.1102230246251565e-16
workdays November 2019,gen_poisson,8.0,3084.91,3451.8,[ 6.81 15.32],[6052.79 6536.7 ],[3050.62 3127.64],[3417.58 3491.7 ],"[[ 6.81  6.81]
 [15.21 15.4 ]]","[[6008.2  6085.25]
 [6469.14 6618.39]]",4540.895792675746,4610.995043692513,-2252.447896337873,1.1102230246251565e-16
workdays April 2020,gen_poisson,7.0,1452.39,1579.27,[ 6.41 14.91],[2892.09 3031.66],[1393.33 1513.12],[1519.51 1637.2 ],"[[ 6.37  6.46]
 [14.73 15.18]]","[[2815.16 2975.66]
 [2907.26 3153.44]]",4713.124515052915,4775.302179556117,-2340.5622575264574,1.1102230246251565e-16
workdays November 2020,gen_poisson,9.0,1454.55,1631.44,[ 7.21 15.82],[3085.99 2991.33],[1420.62 1492.91],[1598.91 1669.35],"[[ 7.04  7.26]
 [15.65 15.97]]","[[3020.09 3161.7 ]
 [2931.54 3054.91]]",7763.994123639015,7852.523892788169,-3861.9970618195075,1.1102230246251565e-16
