time_period,model_type,n_components,amplitude,mesor,peaks,heights,amplitude_CIs,mesor_CIs,peaks_CIs,heights_CIs,AIC,BIC,log_likelihood,llr_pvalue
weekends April 2019,gen_poisson,2.0,1694.28,2326.76,[11.21],[4021.03],[1605.02 1765.08],[2271.44 2375.66],[10.78 11.55],[3883.04 4134.16],1736.519665137992,1753.2446155946843,-862.259832568996,1.5069285362967208e-73
weekends November 2019,gen_poisson,3.0,1781.03,2272.28,[11.61 15.72],[4053.3  3998.37],[1755.16 1806.9 ],[2244.47 2294.58],"[[11.14 12.16]
 [15.14 16.08]]","[[3978.96 4099.08]
 [3941.27 4064.54]]",2008.5342281369922,2032.2927345336002,-996.2671140684961,3.5613368335600026e-106
weekends April 2020,gen_poisson,3.0,483.76,582.08,[12.01 17.22],[1065.84  965.17],[448.82 518.32],[545.83 617.75],"[[10.95 12.93]
 [16.65 17.88]]","[[ 995.72 1135.  ]
 [ 935.79 1011.67]]",1537.066998509098,1559.3669324513544,-760.533499254549,6.394160344984405e-55
weekends November 2020,gen_poisson,2.0,604.73,799.73,[15.72],[1404.46],[580.72 628.8 ],[769.08 832.34],[15.23 16.27],[1351.29 1459.65],2603.998017630449,2623.757846578796,-1295.9990088152244,5.243250969405755e-83
