time_period,count_model,n_components,amplitude,mesor,peaks,heights,amplitude_CIs,mesor_CIs,peaks_CIs,heights_CIs,AIC,BIC,log_likelihood,llr_pvalue
workdays April 2019,gen_poisson,7.0,2995.54,3437.1,[ 6.81 15.32],[6217.27 6432.65],[2922.76 3051.02],[3367.9  3491.43],"[[ 6.76  6.95]
 [15.12 15.4 ]]","[[6141.83 6277.52]
 [6291.92 6541.18]]",4905.742263057049,4967.919927560251,-2436.8711315285245,0.0
workdays November 2019,gen_poisson,8.0,3084.91,3451.8,[ 6.81 15.32],[6052.79 6536.7 ],[3052.98 3131.01],[3418.6 3498.1],"[[ 6.81  6.81]
 [15.26 15.38]]","[[6008.59 6101.57]
 [6472.14 6628.54]]",4540.895792675746,4610.995043692513,-2252.447896337873,0.0
workdays April 2020,gen_poisson,7.0,1452.39,1579.27,[ 6.41 14.91],[2892.09 3031.66],[1385.57 1509.08],[1508.37 1636.37],"[[ 6.33  6.51]
 [14.62 15.1 ]]","[[2814.61 2964.69]
 [2893.99 3145.4 ]]",4713.124515052915,4775.302179556117,-2340.5622575264574,9.46642368172801e-292
workdays November 2020,gen_poisson,9.0,1454.55,1631.44,[ 7.21 15.82],[3085.99 2991.33],[1423.38 1487.89],[1600.53 1662.7 ],"[[ 7.1   7.27]
 [15.68 15.97]]","[[3016.11 3153.22]
 [2941.91 3041.39]]",7763.994123639015,7852.523892788169,-3861.9970618195075,0.0
