time_period,count_model,n_components,amplitude,mesor,peaks,heights,amplitude_CIs,mesor_CIs,peaks_CIs,heights_CIs,AIC,BIC,log_likelihood,llr_pvalue
April 2019,gen_poisson,7.0,2498.82,3040.38,[ 7.01 15.22],[4915.05 5539.2 ],[2354.29 2660.43],[2887.9  3198.59],"[[ 6.76  7.24]
 [14.81 15.48]]","[[4456.03 5385.64]
 [5243.12 5858.1 ]]",7642.861868902958,7710.4230891921,-3805.430934451479,0.0
November 2019,gen_poisson,5.0,2616.01,3063.86,[ 7.31 15.32],[4450.6  5679.88],[2520.   2722.32],[2965.69 3170.29],"[[ 7.03  7.57]
 [15.15 15.6 ]]","[[4221.1  4905.18]
 [5489.02 5889.28]]",7749.033291484315,7799.704206701172,-3862.5166457421574,2.0873991308477652e-291
April 2020,gen_poisson,5.0,1065.9,1241.1,[ 6.71 11.91 14.91],[1933.02 2042.   2307.  ],[ 977.56 1176.71],[1155.58 1345.13],"[[ 6.49  7.01]
 [10.83 12.  ]
 [14.56 15.5 ]]","[[1782.71 2186.35]
 [1903.69 2206.88]
 [2133.61 2521.37]]",7302.537246698079,7353.231947849383,-3639.2686233490394,4.9676636392684885e-222
November 2020,gen_poisson,5.0,1118.82,1371.95,[ 7.41 12.21 15.92],[2445.32 2057.38 2490.77],[1070.81 1192.56],[1322.82 1448.53],"[[ 7.29  7.6 ]
 [11.84 12.55]
 [15.64 16.15]]","[[2271.96 2627.04]
 [1989.17 2143.39]
 [2369.95 2613.99]]",11679.04522641235,11735.716783950616,-5827.522613206175,0.0
