time_period,count_model,n_components,amplitude,mesor,peaks,heights,amplitude_CIs,mesor_CIs,peaks_CIs,heights_CIs,AIC,BIC,log_likelihood,llr_pvalue
weekends April 2019,gen_poisson,2.0,1694.28,2326.76,[11.21],[4021.03],[1631.1  1770.46],[2289.42 2375.82],[10.83 11.62],[3923.66 4143.15],1736.519665137992,1753.2446155946843,-862.259832568996,1.5069285362967208e-73
weekends November 2019,gen_poisson,3.0,1781.03,2272.28,[11.61 15.72],[4053.3  3998.37],[1752.95 1823.61],[2227.16 2323.69],"[[11.2  12.05]
 [15.06 16.1 ]]","[[3950.09 4159.45]
 [3948.55 4064.85]]",2008.5342281369922,2032.2927345336002,-996.2671140684961,3.5613368335600026e-106
weekends April 2020,gen_poisson,3.0,483.76,582.08,[12.01 17.22],[1065.84  965.17],[448.93 532.3 ],[542.66 638.24],"[[11.24 12.74]
 [17.02 17.7 ]]","[[ 992.87 1169.25]
 [ 924.57 1012.12]]",1537.066998509098,1559.3669324513544,-760.533499254549,6.394160344984405e-55
weekends November 2020,gen_poisson,2.0,604.73,799.73,[15.72],[1404.46],[577.57 638.15],[765.23 838.48],[15.31 16.16],[1343.22 1476.21],2603.998017630449,2623.757846578796,-1295.9990088152244,5.243250969405755e-83
