time_period,model_type,n_components,amplitude,mesor,peaks,heights,amplitude_CIs,mesor_CIs,peaks_CIs,heights_CIs,AIC,BIC,log_likelihood,llr_pvalue
workdays April 2019,gen_poisson,7.0,2995.54,3437.1,[ 6.81 15.32],[6217.27 6432.65],[2925.63 3073.98],[3365.13 3520.54],"[[ 6.75  6.93]
 [15.13 15.4 ]]","[[6150.62 6273.97]
 [6291.47 6593.81]]",4905.742263057049,4967.919927560251,-2436.8711315285245,0.0
workdays November 2019,gen_poisson,8.0,3084.91,3451.8,[ 6.81 15.32],[6052.79 6536.7 ],[3056.94 3119.8 ],[3421.96 3485.26],"[[ 6.81  6.81]
 [15.26 15.38]]","[[6010.   6086.48]
 [6479.96 6604.  ]]",4540.895792675746,4610.995043692513,-2252.447896337873,0.0
workdays April 2020,gen_poisson,7.0,1452.39,1579.27,[ 6.41 14.91],[2892.09 3031.66],[1413.61 1522.37],[1538.99 1648.76],"[[ 6.35  6.47]
 [14.68 15.15]]","[[2812.69 2986.8 ]
 [2946.8  3173.59]]",4713.124515052915,4775.302179556117,-2340.5622575264574,9.46642368172801e-292
workdays November 2020,gen_poisson,9.0,1454.55,1631.44,[ 7.21 15.82],[3085.99 2991.33],[1426.76 1488.39],[1599.08 1665.7 ],"[[ 7.05  7.31]
 [15.74 15.96]]","[[3024.83 3154.01]
 [2912.99 3075.8 ]]",7763.994123639015,7852.523892788169,-3861.9970618195075,0.0
