time_period,model_type,n_components,amplitude,mesor,peaks,heights,amplitude_CIs,mesor_CIs,peaks_CIs,heights_CIs,AIC,BIC,log_likelihood,llr_pvalue
April 2019,gen_poisson,7.0,2498.82,3040.38,[ 7.01 15.22],[4915.05 5539.2 ],[2388.99 2641.  ],[2931.97 3173.05],"[[ 6.81  7.22]
 [14.73 15.36]]","[[4622.9  5364.88]
 [5318.27 5813.6 ]]",7642.861868902958,7710.4230891921,-3805.430934451479,0.0
November 2019,gen_poisson,5.0,2616.01,3063.86,[ 7.31 15.32],[4450.6  5679.88],[2494.91 2783.09],[2957.76 3209.67],"[[ 6.93  7.68]
 [15.16 15.52]]","[[4186.88 4948.77]
 [5455.2  5990.22]]",7749.033291484315,7799.704206701172,-3862.5166457421574,2.0873991308477652e-291
April 2020,gen_poisson,5.0,1065.9,1241.1,[ 6.71 11.91 14.91],[1933.02 2042.   2307.  ],[ 997.55 1201.66],[1172.82 1371.86],"[[ 6.4   7.25]
 [10.84 11.73]
 [14.45 15.22]]","[[1689.33 2189.67]
 [1955.74 2134.78]
 [2170.69 2573.2 ]]",7302.537246698079,7353.231947849383,-3639.2686233490394,4.9676636392684885e-222
November 2020,gen_poisson,5.0,1118.82,1371.95,[ 7.41 12.21 15.92],[2445.32 2057.38 2490.77],[1066.17 1195.97],[1321.4  1444.85],"[[ 7.36  7.55]
 [11.7  12.51]
 [15.73 16.17]]","[[2258.74 2612.93]
 [1964.58 2127.89]
 [2357.48 2614.07]]",11679.04522641235,11735.716783950616,-5827.522613206175,0.0
