time_period,model_type,n_components,amplitude,mesor,peaks,heights,amplitude_CIs,mesor_CIs,peaks_CIs,heights_CIs,AIC,BIC,log_likelihood,llr_pvalue
April 2019,gen_poisson,7.0,2498.82,3040.38,[ 7.01 15.22],[4915.05 5539.2 ],[2367.1  2643.26],[2903.44 3185.15],"[[ 6.69  7.24]
 [14.8  15.47]]","[[4455.79 5370.14]
 [5271.38 5827.58]]",7642.861868902958,7710.4230891921,-3805.430934451479,0.0
November 2019,gen_poisson,5.0,2616.01,3063.86,[ 7.31 15.32],[4450.6  5679.88],[2534.05 2755.01],[2997.21 3178.13],"[[ 6.98  7.64]
 [15.13 15.55]]","[[4268.56 4783.49]
 [5532.38 5932.02]]",7749.033291484315,7799.704206701172,-3862.5166457421574,2.0873991308477652e-291
April 2020,gen_poisson,5.0,1065.9,1241.1,[ 6.71 11.91 14.91],[1933.02 2042.   2307.  ],[ 956.44 1186.33],[1134.16 1355.47],"[[ 6.46  7.02]
 [10.8  12.47]
 [14.43 15.39]]","[[1755.06 2163.21]
 [1917.78 2205.11]
 [2073.59 2549.03]]",7302.537246698079,7353.231947849383,-3639.2686233490394,4.9676636392684885e-222
November 2020,gen_poisson,5.0,1118.82,1371.95,[ 7.41 12.21 15.92],[2445.32 2057.38 2490.77],[1071.47 1195.55],[1323.7  1445.36],"[[ 7.28  7.58]
 [11.69 12.45]
 [15.66 16.19]]","[[2298.99 2649.08]
 [1971.91 2169.13]
 [2374.17 2601.19]]",11679.04522641235,11735.716783950616,-5827.522613206175,0.0
