time_period,model_type,n_components,amplitude,mesor,peaks,heights,amplitude_CIs,mesor_CIs,peaks_CIs,heights_CIs,AIC,BIC,log_likelihood,llr_pvalue
workdays April 2019,gen_poisson,7.0,2995.54,3437.1,[ 6.81 15.32],[6217.27 6432.65],[2927.01 3058.18],[3368.78 3500.86],"[[ 6.75  6.92]
 [15.12 15.42]]","[[6151.99 6271.59]
 [6296.92 6557.91]]",4905.742263057049,4967.919927560251,-2436.8711315285245,0.0
workdays November 2019,gen_poisson,8.0,3084.91,3451.8,[ 6.81 15.32],[6052.79 6536.7 ],[3038.26 3131.38],[3404.96 3495.29],"[[ 6.81  6.81]
 [15.22 15.4 ]]","[[6005.94 6106.88]
 [6443.75 6626.14]]",4540.895792675746,4610.995043692513,-2252.447896337873,0.0
workdays April 2020,gen_poisson,7.0,1452.39,1579.27,[ 6.41 14.91],[2892.09 3031.66],[1420.88 1518.39],[1545.29 1644.28],"[[ 6.36  6.45]
 [14.75 15.17]]","[[2804.97 2973.65]
 [2966.38 3162.46]]",4713.124515052915,4775.302179556117,-2340.5622575264574,9.46642368172801e-292
workdays November 2020,gen_poisson,9.0,1454.55,1631.44,[ 7.21 15.82],[3085.99 2991.33],[1422.46 1497.69],[1603.03 1671.84],"[[ 7.1   7.27]
 [15.63 16.01]]","[[3025.75 3169.28]
 [2917.63 3062.77]]",7763.994123639015,7852.523892788169,-3861.9970618195075,0.0
