time_period,model_type,n_components,amplitude,mesor,peaks,heights,amplitude_CIs,mesor_CIs,peaks_CIs,heights_CIs,AIC,BIC,log_likelihood,llr_pvalue
weekends April 2019,gen_poisson,2.0,1694.28,2326.76,[11.21],[4021.03],[1629.08 1771.94],[2278.9  2381.06],[11.01 11.52],[3919.38 4141.6 ],1736.519665137992,1753.2446155946843,-862.259832568996,1.5069285362967208e-73
weekends November 2019,gen_poisson,3.0,1781.03,2272.28,[11.61 15.72],[4053.3  3998.37],[1745.68 1839.2 ],[2235.45 2329.55],"[[11.01 12.33]
 [15.11 16.15]]","[[3958.06 4177.27]
 [3942.49 4053.31]]",2008.5342281369922,2032.2927345336002,-996.2671140684961,3.5613368335600026e-106
weekends April 2020,gen_poisson,3.0,483.76,582.08,[12.01 17.22],[1065.84  965.17],[431.81 538.4 ],[521.89 639.83],"[[10.95 12.85]
 [16.64 17.98]]","[[ 949.25 1177.87]
 [ 927.62 1023.83]]",1537.066998509098,1559.3669324513544,-760.533499254549,6.394160344984405e-55
weekends November 2020,gen_poisson,2.0,604.73,799.73,[15.72],[1404.46],[582.11 637.8 ],[772.73 839.49],[15.36 16.08],[1356.41 1475.72],2603.998017630449,2623.757846578796,-1295.9990088152244,5.243250969405755e-83
